id,name
1,goofyFalcon4
2,betrayedRaisins7
3,grizzledIguana4
4,giddyDinosaur7
5,giddyCow5
6,dopeyLard7
7,awedBasmati3
8,finickyRaisins9
9,cruelSausage0
10,adoringMussel6
11,bubblyWildfowl1
12,aloofEggs0
13,stressedTortoise2
14,scornfulMandrill7
15,dreadfulDoughnut8
16,crushedOtter6
17,thrilledMare4
18,gleefulBuzzard5
19,jubilantLocust0
20,grudgingDinosaur4
21,similarEagle3
22,grizzledLollies1
23,yearningCod3
24,soreMagpie8
25,obsessedSalt2
26,crushedGranola3
27,dopeyCaribou5
28,brainyWigeon1
29,stressedMagpie2
30,excitedIcecream5
31,pleasedMoth4
32,vengefulApricots9
33,drearyCardinal2
34,aboardPolenta2
35,puzzledUnicorn5
36,morbidDove3
37,offendedIcecream3
38,humorousCoconut5
39,blissfulSalt8
40,pleasedToucan3
41,spiritedRhino9
42,wrathfulOrange0
43,grizzledViper2
44,decimalBuzzard8
45,soreCrackers3
46,selfishCaviar4
47,boredHoopoe7
48,relievedJerky8
49,alertHeron9
50,amazedDove8
51,worriedCamel1
52,cheerfulBustard3
53,wrathfulGatorade9
54,gloomyHawk8
55,kindHyena7
56,dearChowder4
57,puzzledBoars6
58,jumpySnipe3
59,boredPorpoise0
60,stressedGatorade0
61,sheepishDotterel0
62,cheerfulQuiche7
63,peskyPie2
64,excitedRaisins1
65,similarSalt1
66,enragedSnipe7
67,ashamedLemur1
68,abjectVenison3
69,blissfulShads9
70,dearRice9
71,sadCaviar0
72,obsessedMacaw1
73,mildDoves5
74,stressedCurlew8
75,worriedCaviar0
76,jumpySeafowl2
77,blissfulMoth9
78,crummyMare7
79,merePudding2
80,spiritedUnicorn3
81,eagerPoultry8
82,pluckyAbalone3
83,pitifulRat1
84,peskyBuzzard2
85,grizzledStork7
86,dearLollies8
87,worldlyLizard0
88,contentTuna9
89,blissfulPorpoise0
90,troubledHare5
91,giddyPonie1
92,goofyGarlic3
93,excludedRaisins4
94,relievedDoughnut9
95,gutturalTuna4
96,thriftyWhiting3
97,truthfulCurlew6
98,similarOtter6
99,pluckyCurlew1
100,eagerViper9
101,solidSmelt6
102,goofyCrane3
103,wingedRuffs6
104,empathicLlama7
105,lyingQuiche2
106,wakefulLlama5
107,troubledHare9
108,jubilantCordial2
109,shamefulMallard2
110,finickyOcelot5
111,ardentBuzzard2
112,enragedOcelot6
113,spiritedFalcon1
114,tautBurritos2
115,betrayedHare0
116,morbidRaisins2
117,grizzledDove9
118,somberCordial6
119,dopeyCod7
120,grizzledCod4
121,annoyedBoars6
122,wakefulFalcon4
123,lovesickPepper0
124,abjectSalt3
125,humorousShads4
126,grizzledQuiche7
127,cruelApples7
128,adoringOryx7
129,thriftyPoultry8
130,crummyPup3
131,pitifulShads1
132,aloofCordial0
133,jumpyWhiting7
134,worriedGatorade0
135,mellowIcecream1
136,thriftyStork8
137,ashamedBittern3
138,grumpySeafowl4
139,grumpyPolenta6
140,decimalMandrill2
141,worriedChowder7
142,sheepishBass5
143,puzzledRat1
144,merePonie2
145,mereWeaver8
146,dopeyFerret2
147,debonairPretzels1
148,culturedOtter5
149,gutturalBobolink0
150,humorousStork2
151,cheerfulSalami0
152,innocentHare2
153,decimalSeafowl3
154,selfishOwl8
155,cautiousPonie5
156,lazyCoconut0
157,innocentZebra3
158,crushedZebra0
159,dejectedOil4
160,pridefulHare8
161,cautiousChowder4
162,drearyGatorade5
163,aboardPudding6
164,artisticVenison0
165,boastfulMackerel4
166,gleefulDunbird8
167,thrilledHoopoe5
168,jubilantEggs1
169,decimalDoughnut4
170,mercifulLemur9
171,empathicKitten7
172,unhappySausage2
173,cockyTomatoe2
174,ardentThrush8
175,sadFlamingo5
176,wingedCoconut2
177,relievedDove5
178,insecureLizard9
179,artisticTermite2
180,excitedSnail8
181,sugaryRuffs3
182,spiritedOwl4
183,pitifulEland6
184,betrayedGarlic2
185,shamefulCaribou9
186,ashamedCrane3
187,thrilledPolenta3
188,amazedGnu3
189,awedSyrup2
190,chicOwl2
191,needyOcelot5
192,excitedPorpoise5
193,worldlyPup2
194,chicViper6
195,wrathfulHeron5
196,euphoricLemur9
197,gloomyJaguar4
198,alertFerret3
199,ferventDingo7
200,abjectCockatoo4
